{"cv900_10800.txt": {"negative": -3471.6933270844665, "positive": -3515.6674483205366}, "cv901_11934.txt": {"negative": -2068.2679189012924, "positive": -2065.291070289832}, "cv902_13217.txt": {"negative": -4466.0191429072265, "positive": -4509.803179844289}, "cv903_18981.txt": {"negative": -2054.4150010482986, "positive": -2055.246171492353}, "cv904_25663.txt": {"negative": -1388.2157269900235, "positive": -1388.696990331353}, "cv905_28965.txt": {"negative": -4209.563782464892, "positive": -4220.810868552934}, "cv906_12332.txt": {"negative": -5423.584693296342, "positive": -5485.114526943697}, "cv907_3193.txt": {"negative": -4431.539859011962, "positive": -4442.3335649727815}, "cv908_17779.txt": {"negative": -6329.463899202346, "positive": -6325.7091976444735}, "cv909_9973.txt": {"negative": -2591.1951543951345, "positive": -2583.6195640649657}, "cv910_21930.txt": {"negative": -4131.070295541021, "positive": -4214.811565594173}, "cv911_21695.txt": {"negative": -5648.12771711698, "positive": -5763.431549579131}, "cv912_5562.txt": {"negative": -7251.83050032181, "positive": -7282.921042864054}, "cv913_29127.txt": {"negative": -3030.1667694981907, "positive": -3030.904423061318}, "cv914_2856.txt": {"negative": -3043.8817468139455, "positive": -3088.671361387771}, "cv915_9342.txt": {"negative": -3719.3588999279445, "positive": -3747.6618526150105}, "cv916_17034.txt": {"negative": -2994.041720339656, "positive": -3048.922771211722}, "cv917_29484.txt": {"negative": -4484.338697373675, "positive": -4535.685745103714}, "cv918_27080.txt": {"negative": -3924.8093540638515, "positive": -3946.7726318981995}, "cv919_18155.txt": {"negative": -3120.107315079316, "positive": -3135.5928020731803}, "cv920_29423.txt": {"negative": -2194.3129265663556, "positive": -2240.0132075421775}, "cv921_13988.txt": {"negative": -6623.932112824533, "positive": -6679.435030947299}, "cv922_10185.txt": {"negative": -2074.430527846669, "positive": -2085.4123619012094}, "cv923_11951.txt": {"negative": -5211.59017522296, "positive": -5305.112350472689}, "cv924_29397.txt": {"negative": -3718.702367531222, "positive": -3756.199316487202}, "cv925_9459.txt": {"negative": -3126.9963594142614, "positive": -3178.011479602437}, "cv926_18471.txt": {"negative": -10187.057377428036, "positive": -10117.397309947004}, "cv927_11471.txt": {"negative": -5570.098509255381, "positive": -5582.612779708836}, "cv928_9478.txt": {"negative": -7458.489926875909, "positive": -7602.821684475799}, "cv929_1841.txt": {"negative": -1899.4188321828863, "positive": -1914.2677392180528}, "cv930_14949.txt": {"negative": -3021.8827327892086, "positive": -3052.6792169882165}, "cv931_18783.txt": {"negative": -2492.4789958324286, "positive": -2470.2675247346806}, "cv932_14854.txt": {"negative": -3057.878422991055, "positive": -3099.0456394651233}, "cv933_24953.txt": {"negative": -9634.629335588952, "positive": -9666.941343487235}, "cv934_20426.txt": {"negative": -6244.0464342557525, "positive": -6289.270147172212}, "cv935_24977.txt": {"negative": -6034.979629734638, "positive": -6077.123258661225}, "cv936_17473.txt": {"negative": -3640.2250796936946, "positive": -3705.1556672490574}, "cv937_9816.txt": {"negative": -3274.111897373444, "positive": -3291.591542995046}, "cv938_10706.txt": {"negative": -3707.414593765849, "positive": -3747.9582184480378}, "cv939_11247.txt": {"negative": -3094.7857907213124, "positive": -3098.8188179061535}, "cv940_18935.txt": {"negative": -1103.7976563861057, "positive": -1120.664681599695}, "cv941_10718.txt": {"negative": -4757.260813825378, "positive": -4735.631304648277}, "cv942_18509.txt": {"negative": -4434.495446827779, "positive": -4441.613726130556}, "cv943_23547.txt": {"negative": -3440.710220656827, "positive": -3489.676117277753}, "cv944_15042.txt": {"negative": -4297.8886222023675, "positive": -4306.142069367919}, "cv945_13012.txt": {"negative": -3567.2018386436243, "positive": -3615.9941710900644}, "cv946_20084.txt": {"negative": -4695.586343560846, "positive": -4763.913551392192}, "cv947_11316.txt": {"negative": -2017.648647599132, "positive": -2020.9527797576814}, "cv948_25870.txt": {"negative": -3926.2684917829124, "positive": -4008.4978192469357}, "cv949_21565.txt": {"negative": -5517.867317611364, "positive": -5612.087487486241}, "cv950_13478.txt": {"negative": -8684.339602583294, "positive": -8743.955868810623}, "cv951_11816.txt": {"negative": -5796.493077912814, "positive": -5849.814798948892}, "cv952_26375.txt": {"negative": -4694.875035060269, "positive": -4707.399911861591}, "cv953_7078.txt": {"negative": -3479.0590838056223, "positive": -3530.321989216835}, "cv954_19932.txt": {"negative": -4911.099169139154, "positive": -4902.302713571819}, "cv955_26154.txt": {"negative": -2737.7432733770015, "positive": -2763.7822826761494}, "cv956_12547.txt": {"negative": -7941.522619340452, "positive": -8075.309766181441}, "cv957_9059.txt": {"negative": -2795.013873026126, "positive": -2811.6354200155015}, "cv958_13020.txt": {"negative": -3674.2668196190057, "positive": -3686.1010474909453}, "cv959_16218.txt": {"negative": -3634.9892170024928, "positive": -3700.684843553764}, "cv960_28877.txt": {"negative": -4052.289649404272, "positive": -4056.2896751764697}, "cv961_5578.txt": {"negative": -2312.174998378373, "positive": -2337.9264412216157}, "cv962_9813.txt": {"negative": -3975.025255985513, "positive": -4024.703895409524}, "cv963_7208.txt": {"negative": -5236.145915056336, "positive": -5202.441757754101}, "cv964_5794.txt": {"negative": -3787.133982338276, "positive": -3796.363818170638}, "cv965_26688.txt": {"negative": -4644.745421633419, "positive": -4665.27253822718}, "cv966_28671.txt": {"negative": -4842.174824631701, "positive": -4866.267328695167}, "cv967_5626.txt": {"negative": -4277.663133359105, "positive": -4272.3792204670635}, "cv968_25413.txt": {"negative": -5869.653836656749, "positive": -5920.803096118566}, "cv969_14760.txt": {"negative": -1678.06536685821, "positive": -1682.28120374703}, "cv970_19532.txt": {"negative": -5694.883623817015, "positive": -5761.95839771541}, "cv971_11790.txt": {"negative": -5405.473184817157, "positive": -5457.772272673064}, "cv972_26837.txt": {"negative": -4980.082367181387, "positive": -4947.506420074539}, "cv973_10171.txt": {"negative": -8038.156155268765, "positive": -8133.363603868068}, "cv974_24303.txt": {"negative": -2973.7244807366114, "positive": -2971.3870619745594}, "cv975_11920.txt": {"negative": -9032.332379845835, "positive": -9036.362321041508}, "cv976_10724.txt": {"negative": -3268.0325457224994, "positive": -3272.229966914393}, "cv977_4776.txt": {"negative": -3229.3434509859135, "positive": -3273.807601527315}, "cv978_22192.txt": {"negative": -4586.82600332348, "positive": -4540.943726293747}, "cv979_2029.txt": {"negative": -4112.614811150791, "positive": -4140.014447541007}, "cv980_11851.txt": {"negative": -4391.830885554527, "positive": -4491.843469885484}, "cv981_16679.txt": {"negative": -5731.887690713104, "positive": -5753.441052486553}, "cv982_22209.txt": {"negative": -2934.475358413909, "positive": -2985.7786788027493}, "cv983_24219.txt": {"negative": -3646.517343557349, "positive": -3674.192920900173}, "cv984_14006.txt": {"negative": -3189.463114696584, "positive": -3213.427447392446}, "cv985_5964.txt": {"negative": -4515.557765410135, "positive": -4537.217269799961}, "cv986_15092.txt": {"negative": -3857.692598417892, "positive": -3869.8724676150837}, "cv987_7394.txt": {"negative": -4803.757031370858, "positive": -4897.876473643336}, "cv988_20168.txt": {"negative": -5200.35670714511, "positive": -5256.053395577432}, "cv989_17297.txt": {"negative": -2909.334310354838, "positive": -2931.8079237236257}, "cv990_12443.txt": {"negative": -1960.3720259956813, "positive": -1980.1233901575372}, "cv991_19973.txt": {"negative": -4700.059195743948, "positive": -4681.708687362932}, "cv992_12806.txt": {"negative": -6304.505326164519, "positive": -6342.37380278668}, "cv993_29565.txt": {"negative": -2041.1674363467982,